{"_id":"Q1758503","ne":"el Raval","ne_n":"el raval","ne_re":"El Raval"}
{"_id":"Q17154","ne":"el Barri Gòtic","ne_n":"el gotic","ne_re":"Gothic Quarter"}
{"_id":"Q377070","ne":"la Barceloneta","ne_n":"la barceloneta","ne_re":"La Barceloneta, Barcelona"}
{"_id":"Q2442135","ne":"Sant Pere, Santa Caterina i la Ribera","ne_n":"sant pere, santa caterina i la ribera","ne_re":"Sant Pere, Santa Caterina i la Ribera"}
{"_id":"Q2107762","ne":"el Fort Pienc","ne_n":"el fort pienc","ne_re":"Fort Pienc"}
{"_id":"Q2470217","ne":"la Sagrada Família","ne_n":"la sagrada familia","ne_re":"Sagrada Família"}
{"_id":"Q1904302","ne":"la Dreta de l'Eixample","ne_n":"la dreta de l eixample","ne_re":"Dreta de l'Eixample"}
{"_id":"Q3291762","ne":"l'Antiga Esquerra de l'Eixample","ne_n":"l antiga esquerra de l eixample","ne_re":"L'Antiga Esquerra de l'Eixample"}
{"_id":"Q1026658","ne":"la Nova Esquerra de l'Eixample","ne_n":"la nova esquerra de l eixample","ne_re":"La Nova Esquerra de l'Eixample"}
{"_id":"Q720994","ne":"Sant Antoni","ne_n":"sant antoni","ne_re":"Sant Antoni"}
{"_id":"Q980253","ne":"el Poble Sec","ne_n":"el poble sec","ne_re":"El Poble-sec, Barcelona"}
{"_id":"Q3596095","ne":"la Marina del Prat Vermell","ne_n":"la marina del prat vermell","ne_re":"La Marina del Prat Vermell"}
{"_id":"Q3751076","ne":"la Marina de Port","ne_n":"la marina de port","ne_re":"La Marina de Port"}
{"_id":"Q3750859","ne":"la Font de la Guatlla","ne_n":"la font de la guatlla","ne_re":"La Font de la Guatlla"}
{"_id":"Q3750929","ne":"Hostafrancs","ne_n":"hostafrancs","ne_re":"Hostafrancs"}
{"_id":"Q3753110","ne":"la Bordeta","ne_n":"la bordeta","ne_re":"La Bordeta"}
{"_id":"Q3596096","ne":"Sants - Badal","ne_n":"sants badal","ne_re":"Sants-Badal"}
{"_id":"Q2476184","ne":"Sants","ne_n":"sants","ne_re":"Sants"}
{"_id":"Q3296693","ne":"les Corts","ne_n":"les corts","ne_re":"Les Corts"}
{"_id":"Q3297056","ne":"la Maternitat i Sant Ramon","ne_n":"la maternitat i sant ramon","ne_re":"La Maternitat i Sant Ramon"}
{"_id":"Q2562684","ne":"Pedralbes","ne_n":"pedralbes","ne_re":"Pedralbes"}
{"_id":"Q3310216","ne":"Vallvidrera, el Tibidabo i les Planes","ne_n":"vallvidrera, el tibidabo i les planes","ne_re":"Vallvidrera, el Tibidabo i les Planes"}
{"_id":"Q3043699","ne":"Sarrià","ne_n":"sarria","ne_re":"Sarrià"}
{"_id":"Q3297896","ne":"les Tres Torres","ne_n":"les tres torres","ne_re":"Les Tres Torres"}
{"_id":"Q3321657","ne":"Sant Gervasi - la Bonanova","ne_n":"sant gervasi la bonanova","ne_re":"Sant Gervasi - la Bonanova"}
{"_id":"Q3389521","ne":"Sant Gervasi - Galvany","ne_n":"sant gervasi galvany","ne_re":"Sant Gervasi - Galvany"}
{"_id":"Q3321805","ne":"el Putxet i el Farró","ne_n":"el putxet i el farro","ne_re":"El Putxet i el Farró"}
{"_id":"Q2057331","ne":"Vallcarca i els Penitents","ne_n":"vallcarca i els penitents","ne_re":"Vallcarca i els Penitents"}
{"_id":"Q1932090","ne":"el Coll","ne_n":"el coll","ne_re":"el Coll"}
{"_id":"Q3320699","ne":"la Salut","ne_n":"la salut","ne_re":"La Salut"}
{"_id":"Q2741611","ne":"la Vila de Gràcia","ne_n":"la vila de gracia","ne_re":"Vila de Gràcia"}
{"_id":"Q2994821","ne":"el Camp d'en Grassot i Gràcia Nova","ne_n":"el camp d en grassot i gracia nova","ne_re":"Camp d'en Grassot i Gràcia Nova"}
{"_id":"Q3297875","ne":"el Baix Guinardó","ne_n":"el baix guinardo","ne_re":"El Baix Guinardó"}
{"_id":"Q3321797","ne":"Can Baró","ne_n":"can baro","ne_re":"Can Baró"}
{"_id":"Q3045547","ne":"el Guinardó","ne_n":"el guinardo","ne_re":"El Guinardó"}
{"_id":"Q3297889","ne":"la Font d'en Fargues","ne_n":"la font d en fargues","ne_re":"La Font d'en Fargues"}
{"_id":"Q3319498","ne":"el Carmel","ne_n":"el carmel","ne_re":"El Carmel"}
{"_id":"Q3320705","ne":"la Teixonera","ne_n":"la teixonera","ne_re":"La Teixonera"}
{"_id":"Q3298510","ne":"Sant Genís dels Agudells","ne_n":"sant genis dels agudells","ne_re":"Sant Genís dels Agudells"}
{"_id":"Q3298502","ne":"Montbau","ne_n":"montbau","ne_re":"Montbau"}
{"_id":"Q3298492","ne":"la Vall d'Hebron","ne_n":"la vall d hebron","ne_re":"Vall d'Hebron"}
{"_id":"Q3320857","ne":"la Clota","ne_n":"la clota","ne_re":"La Clota"}
{"_id":"Q15225338","ne":"Horta","ne_n":"horta","ne_re":"Horta, Barcelona"}
{"_id":"Q3320806","ne":"Vilapicina i la Torre Llobeta","ne_n":"vilapicina i la torre llobeta","ne_re":"Vilapicina i la Torre Llobeta"}
{"_id":"Q3750558","ne":"Porta","ne_n":"porta","ne_re":"Porta"}
{"_id":"Q524311","ne":"el Turó de la Peira","ne_n":"el turo de la peira","ne_re":"El Turó de la Peira"}
{"_id":"Q3320716","ne":"Can Peguera","ne_n":"can peguera","ne_re":"Can Peguera"}
{"_id":"Q2736697","ne":"la Guineueta","ne_n":"la guineueta","ne_re":"La Guineueta"}
{"_id":"Q3751386","ne":"Canyelles","ne_n":"canyelles","ne_re":"Canyelles"}
{"_id":"Q1627690","ne":"les Roquetes","ne_n":"les roquetes","ne_re":"Les Roquetes"}
{"_id":"Q3750551","ne":"Verdun","ne_n":"verdun","ne_re":"Verdun"}
{"_id":"Q3750926","ne":"la Prosperitat","ne_n":"la prosperitat","ne_re":"La Prosperitat"}
{"_id":"Q3750932","ne":"la Trinitat Nova","ne_n":"la trinitat nova","ne_re":"La Trinitat Nova"}
{"_id":"Q3750940","ne":"Torre Baró","ne_n":"torre baro","ne_re":"Torre Baró"}
{"_id":"Q3320722","ne":"Ciutat Meridiana","ne_n":"ciutat meridiana","ne_re":"Ciutat Meridiana"}
{"_id":"Q3751072","ne":"Vallbona","ne_n":"vallbona","ne_re":"Vallbona"}
{"_id":"Q6746220","ne":"la Trinitat Vella","ne_n":"la trinitat vella","ne_re":"Trinitat Vella"}
{"_id":"Q1425291","ne":"Baró de Viver","ne_n":"baro de viver","ne_re":"Baró de Viver"}
{"_id":"Q3319496","ne":"el Bon Pastor","ne_n":"el bon pastor","ne_re":"Bon Pastor"}
{"_id":"Q990510","ne":"Sant Andreu","ne_n":"sant andreu","ne_re":"Sant Andreu de Palomar"}
{"_id":"Q3773462","ne":"la Sagrera","ne_n":"la sagrera","ne_re":"La Sagrera"}
{"_id":"Q3813818","ne":"el Congrés i els Indians","ne_n":"el congres i els indians","ne_re":"El Congrés i els Indians"}
{"_id":"Q3813816","ne":"Navas","ne_n":"navas","ne_re":"Navas"}
{"_id":"Q3294602","ne":"el Camp de l'Arpa del Clot","ne_n":"el camp de l arpa del clot","ne_re":"El Camp de l'Arpa del Clot"}
{"_id":"Q2979686","ne":"el Clot","ne_n":"el clot","ne_re":"El Clot"}
{"_id":"Q3294440","ne":"el Parc i la Llacuna del Poblenou","ne_n":"el parc i la llacuna del poblenou","ne_re":"El Parc i la Llacuna del Poblenou"}
{"_id":"Q1167101","ne":"la Vila Olímpica del Poblenou","ne_n":"la vila olimpica del poblenou","ne_re":"La Vila Olímpica del Poblenou"}
{"_id":"Q1404773","ne":"el Poblenou","ne_n":"el poblenou","ne_re":"El Poblenou"}
{"_id":"Q2736444","ne":"Diagonal Mar i el Front Marítim del Poblenou","ne_n":"diagonal mar i el front maritim del poblenou","ne_re":"Diagonal Mar i el Front Marítim del Poblenou"}
{"_id":"Q2390761","ne":"el Besòs i el Maresme","ne_n":"el besos i el maresme","ne_re":"El Besòs i el Maresme"}
{"_id":"Q6273541","ne":"Provençals del Poblenou","ne_n":"provencals del poblenou","ne_re":"Provençals del Poblenou"}
{"_id":"Q3773169","ne":"Sant Martí de Provençals","ne_n":"sant marti de provencals","ne_re":"Sant Martí de Provençals"}
{"_id":"Q542473","ne":"la Verneda i la Pau","ne_n":"la verneda i la pau","ne_re":"La Verneda i la Pau"}
