{"_id":"Q941385","di":"Ciutat Vella","di_n":"ciutat vella","di_re":"Ciutat Vella","ne_id":["Q1758503","Q17154","Q377070","Q2442135"]}
{"_id":"Q64124","di":"Eixample","di_n":"eixample","di_re":"Eixample","ne_id":["Q2107762","Q2470217","Q1904302","Q3291762","Q1026658","Q720994"]}
{"_id":"Q753075","di":"Sants-Montjuïc","di_n":"sants montjuic","di_re":"Sants-Montjuïc","ne_id":["Q980253","Q3596095","Q3751076","Q3750859","Q3750929","Q3753110","Q3596096","Q2476184"]}
{"_id":"Q959944","di":"Les Corts","di_n":"les corts","di_re":"Les Corts","ne_id":["Q3296693","Q3297056","Q2562684"]}
{"_id":"Q1765582","di":"Sarrià-Sant Gervasi","di_n":"sarria sant gervasi","di_re":"Sarrià -Sant Gervasi","ne_id":["Q3310216","Q3043699","Q3297896","Q3321657","Q3389521","Q3321805"]}
{"_id":"Q852697","di":"Gràcia","di_n":"gracia","di_re":"Gràcia","ne_id":["Q2057331","Q1932090","Q3320699","Q2741611","Q2994821"]}
{"_id":"Q1771488","di":"Horta-Guinardó","di_n":"horta guinardo","di_re":"Horta-Guinardó","ne_id":["Q3297875","Q3321797","Q3045547","Q3297889","Q3319498","Q3320705","Q3298510","Q3298502","Q3298492","Q3320857","Q15225338"]}
{"_id":"Q1641049","di":"Nou Barris","di_n":"nou barris","di_re":"Nou Barris","ne_id":["Q3320806","Q3750558","Q524311","Q3320716","Q2736697","Q3751386","Q1627690","Q3750551","Q3750926","Q3750932","Q3750940","Q3320722","Q3751072"]}
{"_id":"Q1650230","di":"Sant Andreu","di_n":"sant andreu","di_re":"Sant Andreu","ne_id":["Q6746220","Q1425291","Q3319496","Q990510","Q3773462","Q3813818","Q3813816"]}
{"_id":"Q250935","di":"Sant Martí","di_n":"sant marti","di_re":"Sant Martí","ne_id":["Q3294602","Q2979686","Q3294440","Q1167101","Q1404773","Q2736444","Q2390761","Q6273541","Q3773169","Q542473"]}
